species,sys,country,sys_details,processing,culture,lat,land_use,ghg,acid_pot,eutr_pot,freshwtr,soil_nitr,soil_phos,energy
Coffea canephora,C,Brazil,Dry processing (electricity),dry,#N/A,#N/A,8.395695191,4.727221579,0.052733167,0.041134309,10.40501315,#N/A,#N/A,#N/A
Coffea,C,Brazil,Dry processing,dry,#N/A,#N/A,11.87623247,7.369829801,0.069969315,0.045552102,34.54980462,#N/A,#N/A,#N/A
Coffea arabica,C,Colombia,Monoculture,#N/A,monoculture,4.88,15.84131518,15.63563381,#N/A,#N/A,10.40501315,1.662,0.66224,0.8
Coffea arabica,C,Colombia,Agroforestry with Cordia alliodora,#N/A,polyculture,4.88,20.44908626,9.850727406,#N/A,#N/A,10.40501315,1.662,0.66224,0.9
Coffea arabica,C,Colombia,Agroforestry with Plantain,#N/A,polyculture,4.88,20.89266731,11.3914511,#N/A,#N/A,10.40501315,1.662,0.66224,0.9
Coffea arabica,C,Costa Rica,Conventional; shade trees,#N/A,polyculture,9.76,23.00900939,7.116595877,#N/A,#N/A,10.40501315,#N/A,#N/A,0.1
Coffea arabica,C,Costa Rica,UTZ Certified; shade trees,#N/A,polyculture,10.06,21.32728778,7.299922148,#N/A,#N/A,10.40501315,1.818,0.27694,0.1
Coffea arabica,C,Costa Rica,Rainforest Alliance certified; shade trees,#N/A,polyculture,10.09,16.2211336,7.591088067,#N/A,#N/A,10.40501315,3.662,0.28606,0.2
Coffea arabica,C,Costa Rica,Fair trade; shade trees,#N/A,polyculture,9.76,13.95546439,7.332783582,#N/A,#N/A,10.40501315,1.668,0.28779,1.00E-01
Coffea arabica,O,Costa Rica,Organic moderate,#N/A,#N/A,9.9,22.06707807,6.101304971,0.033351264,0.192388928,10.40501315,3.662,0.32549,0.3
Coffea arabica,O,Costa Rica,Organic intensive,#N/A,monoculture,9.9,16.04878405,7.126817656,0.127112415,0.1779622,10.40501315,3.662,0.32549,0.1
Coffea arabica,C,Costa Rica,Conventional moderate,#N/A,#N/A,9.9,15.13171068,8.629444941,0.058547853,0.143172907,10.40501315,3.662,0.32549,0.1
Coffea arabica,C,Costa Rica,Conventional intensive,#N/A,monoculture,9.9,10.69918937,9.732307769,0.073794323,0.112484903,10.40501315,3.662,0.32549,0
Coffea,C,Indonesia,#N/A,#N/A,#N/A,#N/A,40.05450025,84.58619177,0.105048998,0.26879595,38.27971401,#N/A,#N/A,#N/A
Coffea,C,Kenya,Wet processing,wet,#N/A,-1.16,230.0721565,29.29055477,#N/A,#N/A,11.76727592,1.344,0.40686,0
Coffea,C,Kenya,Wet processing,wet,#N/A,-1.16,194.1387635,30.11083762,#N/A,#N/A,11.76727592,1.344,0.3294,0
Coffea,C,Kenya,Wet processing,wet,#N/A,-1.13,177.8695361,30.96244083,#N/A,#N/A,11.76727592,1.344,0.3294,0
Coffea arabica,C,Kenya,Dry processing; grown without shade,dry,monoculture,-1.16,97.02136063,21.22649804,#N/A,#N/A,11.76727592,1.344,0.3294,0
Coffea arabica,O,Nicaragua,Organic moderate,#N/A,#N/A,11.9,22.53452003,37.92991574,0.046397953,0.022744051,10.40501315,1.932,0.58901,0
Coffea arabica,O,Nicaragua,Organic intensive,#N/A,monoculture,11.9,16.54878815,31.37697227,0.181564745,0.059911709,10.40501315,1.932,0.58901,0
Coffea arabica,C,Nicaragua,Conventional moderate,#N/A,#N/A,11.9,19.25677166,34.38806271,0.037765621,0.015575616,10.40501315,1.932,0.58901,0
Coffea arabica,C,Nicaragua,Conventional intensive,#N/A,monoculture,11.9,14.91721748,29.12798206,0.05335393,0.02033359,10.40501315,1.932,0.58901,0
Coffea arabica,O,Nicaragua,"Small producers, members of 4 co-operatives",#N/A,#N/A,13.54,34.96034477,64.06755347,#N/A,#N/A,10.40501315,1.064,0.70975,0
Coffea arabica,C,El Salvador,Traditional polyculture; dry processing,dry,polyculture,#N/A,28.71700192,20.4738381,#N/A,#N/A,10.40501315,#N/A,#N/A,0.2
Coffea arabica,C,Guatemala,Commercial polyculture; dry processing,dry,polyculture,#N/A,15.42060672,19.09237024,#N/A,#N/A,10.40501315,#N/A,#N/A,0.2
Coffea arabica,C,Colombia,Shaded monoculture; wet processing,wet,monoculture,#N/A,22.14926942,33.39807343,#N/A,#N/A,10.40501315,#N/A,#N/A,0
Coffea arabica,C,Colombia,Unshaded monoculture; wet processing,wet,monoculture,#N/A,11.45971836,28.487531,#N/A,#N/A,10.40501315,#N/A,#N/A,0.2
Coffea,C,Viet Nam,#N/A,#N/A,#N/A,#N/A,9.584055249,6.509238083,0.087638197,0.049995594,33.27852041,#N/A,#N/A,#N/A
